Token,Contract
PUMPDASH,33Qjwv8UpsQrdjnYCBDr8eCKn38aPS1jwgUzNHufyWWr
It Coin,CpdKgsZMtZ54FK5vbyLq5wNyH2uRmSxi8AtEAADipump
Skype,AJJS8FD3thaV8LGLhQhaTZ3xrXfne7XrgbYsmDmDaF3z
‚ÄÆ…êu…êloS,DdyGQJr7x4KLDv6NifzBSnzefn64fMv3i873sLrnso1
Solana Stock Index,2EyNf2PCNT7eQ9ag1RDXw3qn3Cy22WdTA9T6HKDebonk
CryptoLoots,CFhgTUXw7of3PYdbw3YrPeE9EVzVGo435i8FEmd8dr6w
TITANIUM,DpdjbByf7fc3UTxHUco5fVmSGZAcW5XLgBsRmBs6mJua
RefundYourSOL,8gHPxqgHj6JQ2sQtMSghQYVN5qRP8wm5T6HNejuwpump
Right-Hook Dog,GJZJsDnJaqGuGxgARRYNhzBWEzfST4sngHKLP2nppump
Binance PILL,79dNbAcm5MVxYLKYUS8JYiRcgKnMNxcnHAKgEaMvpump
Simple,4wjo2eisnwMAMTGFJPuPcFxbk6xie1GsNY6jE2D5pump
Mike Grok Companion,2xWPo23jXnzWWF5TQ6uoLhLWtQXQm24hP8fucr1Rpump
fartcoin killer,2ZqgkCpvXjzB4NstzBUPSrsYrrbziUv5mC9CsxSQZryG
TempleOS,F5Gv2HpJjGVaaRVcmN2x14kL5vPs5CJmp1AbSC9F3777
HODLess Coin,12Z5CsL5kCPRmnLQcwpY2QrEub3MahHCtRHxoQEdpump
Wojak,7oLWGMuGbBm9uwDmffSdxLE98YChFAH1UdY5XpKYLff8
CHAD,TyDjtNJfsaBpHraogDBifcnVR8sVuX2scjx1VWdchad
Kurt Caz,vqQi5RnhCgNt112JDE3bDgFCeBu6EUvViNT1jTnpump
Banana Chain,Co4692bPPQXAqqxSLAeTTvF1bnhY26FUWt2YuWQPBgfU
Right-Hook Dog,GJZJsDnJaqGuGxgARRYNhzBWEzfST4sngHKLP2nppump
The Bitcoin Mascot,dTzEP9JU2NRDPuWtM32gaVKip2fTHBqjheU1APBpump
Medical Intelligence,8H2WoidBArpZGK81KMrTGNqnE8gT2CxdvwUETvUm1Ha3
JESUS,2nmowg87Jbo55Uc3yWaeeSZ6DnDBhpoVMiQKMdKfv777
fred the kitty,CA2wm5cbcMjawbf5Lai7cLywpBSWyV94LbgAtAmDpump
Lenny,Gc5hxBYZjxWNpt3B8XYbp4YoGCHSMfrJK7ex4GUTpump
BOG,bigFKCS5GyoDXWYWTUqmaYCsAxnJ7e4iVXK3Gvfgbog
Bongo Cat,HUdqc5MR5h3FssESabPnQ1GTgTcPvnNudAuLj5J6a9sU
LC SHIB,43YakhC3TcSuTgSXnxFgw8uKL8VkuLuFa4M6Bninpump
KEANU SLEAZE,8SBLocBKKwTP44YvygWRHXoWBFR2pVRYfy22VJxzpump
Nobody Sausage,C29ebrgYjYoJPMGPnPSGY1q3mMGk4iDSqnQeQQA7moon
HOMUNCULUS DOG,8WZs63wKVQg9DcaWCDyrZ26ED93bnTc1pHrx7Es8pump
Unleash Jugs,AhVJQY1mGjjQpRiMEcCXwkFc8QagKwcqUSpqwN7S9gag
Monday,Ba87psSuyCQx8ufTK3dBFfHYvJXhTPkQ5TDS7RPmpump
The Bitcoin Mascot,dTzEP9JU2NRDPuWtM32gaVKip2fTHBqjheU1APBpump
Codec Flow,69LjZUUzxj3Cb3Fxeo1X4QpYEQTboApkhXTysPpbpump
PEPSICOIN,HS8v2LMvPgSvFNwRcbcUssi1pMd7FW2bZu3e33pPCoLA
Light,LiGHtkg3uTa9836RaNkKLLriqTNRcMdRAhqjGWNv777
BOG,bigFKCS5GyoDXWYWTUqmaYCsAxnJ7e4iVXK3Gvfgbog
/,
High Earner Not Rich Yet,Hcc3KKnu9pAjzWHR2nUmTAbhdnrj7TuuAg1sXtqtpump
Ibiza Final Boss,GUy9Tu8YtvvHoL3DcXLJxXvEN8PqEus6mWQUEchcbonk
TG Launch,969L2FYMBqXTo6Ejs59oM1swNgW5XkBtzG2y5BxmHREV
Chadette,3pGyE8coXwBy8rx71zjtHDRrSA5TvKmuRgqwhK3Xmoon
fred the kitty,CA2wm5cbcMjawbf5Lai7cLywpBSWyV94LbgAtAmDpump
Schizo,7x92Nt2kegSizDxoXvU6ApciGyGrtqp9ykyhUWoppump
Limitless,2gZcjozCdghULQXFoR6rUBbid7C3FfH4ofNMaKYmk777
AOL (America Online),2oQNkePakuPbHzrVVkQ875WHeewLHCd2cAwfwiLQbonk
Rizzgiving,5D2b7XPuBbNXgJ2W2CnvU3iPGSrqoeMcSPCazEv5pump
The Book of Job,4B7HuXXT7h1ZnnJYdzjRj2Z42Q3b3iQZo98nVXnSB777
wechat doge,83kGGSggYGP2ZEEyvX54SkZR1kFn84RgGCDyptbDbonk
DOWGE,DQnkBM4eYYMnVE8Qy2K3BB7uts1fh2EwBVktEz6jpump
STUPID INU,w6iohhdC6zbq2DP1uwtmvXPJibbFroDnni1A222bonk
‚¨õÔ∏è,6pvtv14ye2nvxqCR8fc8y7TTU6SkLGyaSVnVNS9V6777
MONOPOLY,7woPKwozDM1mFeJAiJcEU8Fd3CvbYXVfwnC3W56RndFi
microtroll,AvsVPyxg3WNaX9mzn1eAw7kWLuH6AbEZJZa63z2Lpump
USDC,0x176211869cA2b568f2A7D4EE941E073a821EE1ff
the imperfect coin,CuPrcDMz7CmzMeH8oGpmPXCTQfDmit2pgEE9UM1Dpump
outlier,82pZfrex4AnDC8KwoHYzRU2peV66KiAoKqq8a5BM3777
Bush Supremacy,5akGtjBD5gX6LyHxiAUoD3Pv9nbyaibniw2oGNcapump
this will explode,EVriSLBshNgmdtY7CFC1mMcXYb9pFGEj3jZfSjEnpump
The Bitcoin Mascot,dTzEP9JU2NRDPuWtM32gaVKip2fTHBqjheU1APBpump
Raydium,7oLWGMuGbBm9uwDmffSdxLE98YChFAH1UdY5XpKYLff8
Launch Coin on Believe,Ey59PH7Z4BFU4HjyKnyMdWt5GGN76KazTAwQihoUXRnk
Mariah Milkers,B32hGG9q55tcik9gNBPuoSHTnqFtpKYLpsApFyvCpump
THANK YOU,J3sG1ijxtfsadGRDDgLEuLTAGhL7sHyoamuaaFVJpump
ü¶é,347k5f1WLRYe81roRcLBWDR6k3eCRunaqetQPW6pbonk
Hosico cat,9wK8yN6iz1ie5kEJkvZCTxyN1x5sTdNfx8yeMY8Ebonk
USDC,0x176211869cA2b568f2A7D4EE941E073a821EE1ff
Clippy PFP Cult,7eMJmn1bYWSQEwxAX7CyngBzGNGu1cT582asKxxRpump
Gooning Monkey,56as5gwkZJkPCgtiDHUVQ6owXSJ2gQcJYJdND4gXpump
TROLL,5UUH9RTDiSpq6HKS6bp4NdU9PNJpXRXuiw6ShBTBhgH2
Hood gon love it,G5Kadaw9Yh5wkaK2gyPoRugZshVNo9kEqfXcv2SCpump
Blue Chip,DHJVYXsikcimtcVo49FAZqYd1XPYPaXezYhbKArJbonk
/,
Anonymous Coin,FhvBDEr46meW6NHWHNeShDzvbXWabNzyT6uGinEgBAGS
ainu,BKNdE8ZRe1cWPYRVytrwy3mUaCw95aDfUqR9zwojbonk
BOOK OF MEME,ukHH6c7mMyiWCf1b9pnWe25TSpkDDt3H5pQZgZ74J82
Pudgy Penguins,2zMMhcVQEXDtdE6vsFS7S7D5oUodfJHE8vd1gnBouauv
mindshare,2eTJqpK4QqWofGLSoirWNdC3Goyxp81KC3JDMqcupump
Apu Apustaja,AhPo2fs5cfUyDhG7cvR67wwKg9UeFsF7mng368EB4oCn
Ani Grok Companion,9tqjeRS1swj36Ee5C1iGiwAxjQJNGAVCzaTLwFY8bonk
Degen Social Media,FdpEvMwXM99WsCr5zwrQ5BqgQTSLULpewpXjfs7ABAGS
Illusion of Life,5zCETicUCJqJ5Z3wbfFPZqtSpHPYqnggs1wX7ZRpump
The Bitcoin Mascot,dTzEP9JU2NRDPuWtM32gaVKip2fTHBqjheU1APBpump
a slow runner,EG6WeiR2DymUVVjNHEU4MEJXmWnzXJhk3JerRy4gpump
World Liberty Financial,Cq16t8jRSxtQDcPyANothLYemBDkN6SVKjqSDZ99pump
FARTLESS COIN,FyrBf5xKg5EwKZ9pHvSpJeLLuCWBicTpm3VvZcsibonk
oracles,46f7bbTt3WkbcF5WNr9s1G8rveag9X6LHkNzX9fDh777
67COIN,76rTxzztXjJe7AUaBi7jQ5J61MFgpQgB4Cc934sWbonk
The Spirit of Gambling,H8xQ6poBjB9DTPMDTKWzWPrnxu4bDEhybxiouF8Ppump
MORI COIN,8ZHE4ow1a2jjxuoMfyExuNamQNALv5ekZhsBn5nMDf5e
Lol Guy,53Xy4g1RJnGR6saaJRDNoo1rYTGZ3W5U321EDdSa5BGD
Gorbagana,71Jvq4Epe2FCJ7JFSF7jLXdNk1Wy4Bhqd9iL6bEFELvg
USDC,0x176211869cA2b568f2A7D4EE941E073a821EE1ff
DOLLO ALL IN,5EaYZcaKfTVdpQ2avVtJ7BNWJ1Rnj86F1dWxppawpump
USELESS COIN,Dz9mQ9NzkBcCsuGPFJ3r1bS4wgqKMHBPiVuniW8Mbonk
flow state,GYKBbafCYFwd9gYrZuVQ4yYwdHgbxJ1HRQh8jN6Apump
Lyn,3hFEAFfPBgquhPcuQYJWufENYg9pjMDvgEEsv4jxpump
HODL Coin,14TGkkYQQeNj5pAKKZf8VGJQJfDagdX1t4QX4Rc3bonk
FRIC,EsP4kJfKUDLfX274WoBSiiEy74Sh4tZKUCDjfULHpump
